DNI,Nombre,Edad
15911157-X,Porfirio Menéndez,29
36073343-M,Jaime Márquez Gomis,76
36238116-Y,Remedios Bautista Buendía,33
20655243-R,África de Pastor,67
38796477-P,Rolando Gárate Escribano,46
95490538-N,Adelaida Tirado Arias,67
41073849-N,Francisco Amigó,27
16517844-A,Teresita Arenas-Seguí,62
83795964-H,Ambrosio Esteve-Cervera,66
48021015-M,Cesar Abascal,43
38303145-A,Aurelia Llorens,44
39890873-H,Lucas Antón Higueras,35
16596223-K,Florinda Alcaraz-Castell,41
45968725-M,Gonzalo Villena,78
45837982-V,Mar Serra Castrillo,77
87977171-D,Rebeca Ayuso Mulet,77
53085392-N,Leandro Amo-Iniesta,75
84153352-D,Anastasia Arregui Adán,32
41436756-W,Miriam Garrido Becerra,69
30072XXX-X,*******,16
38546869-L,Roberta Pou Velázquez,56
47339385-A,Nico Montero Abad,25
47235745-R,Isidro Calvet Bayo,68
51822866-W,Roberto Esteve Tolosa,56
25726143-E,Jenny Roman Castilla,49
39860765-V,Anabel Cintia Martí Saavedra,79
72649357-Q,Margarita del España,46
52523407-D,Domingo Cecilio Durán Barberá,75
11111536-Y,Ángel de Arce,43
46001121-V,Juan Pablo Malo Espada,75
26653333-J,Francisco Javier Ribes Salamanca,24
61586633-Q,Samu Ballesteros Maza,19
94879923-R,Joan Arrieta-Calzada,54
24114XXX-X,*******,16
89924440-Y,María Dolores de Hervás,20
91950957-Q,Jerónimo Salas Villegas,56
71544277-V,Iris Hervás-Sarabia,24
57528434-Y,Severo Prado Mariño,21
64859139-J,Aureliano de Carbonell,18
17443131-T,Luisina Hervás Calderón,45
26959550-P,Félix de Sanabria,36
70047810-E,Guiomar Vega-Gárate,29
10017561-A,Loreto de Ayuso,24
45705223-Z,Tadeo Guardia Hoyos,68
79188893-P,Américo Riba Madrid,73
44205794-R,Ale Morera Cueto,30
56171626-Z,Primitiva Mínguez Gelabert,53
74928188-F,Jaime Balaguer-Garmendia,36
71087348-Y,Hilda Grau Gomila,53
17093729-Z,Jose Antonio Jerez Tudela,45
29350676-P,Onofre Otero Abascal,74
68429721-Y,Inmaculada Girona-Segarra,77
46159822-H,Amanda Camila Cobo Cisneros,24
45668299-M,Jesusa Caparrós Heredia,70
37730530-L,Belen Cañas Miró,44
35109913-E,Teodora Amat Bilbao,24
95165940-J,José Manuel Barrio Anaya,64
96269932-M,Adriana Redondo Valenciano,62
73850283-C,Elvira Bayo Vigil,70
21536XXX-X,*******,16
73653111-G,Edelmiro Alemany Enríquez,34
95636827-K,Guadalupe Cabeza Pacheco,26
39128068-P,Luis Miguel Madrigal Gutierrez,62
49242048-Z,Josefina Eulalia Fuente Camacho,66
58935059-C,Virginia Paredes Guijarro,44
77670216-K,Marcos Vicente Tomás,25
87823186-D,Martin Carvajal Almansa,57
66330291-Q,Eliana Calzada Castillo,53
42225672-H,Ángela Gonzalo Jerez,59
42596502-L,Reina Estefanía Vila Rivero,29
75378154-R,Áurea Tapia Gras,70
74369392-L,Luis Escalona Mosquera,45
16459038-P,Jose Manuel Vizcaíno-Infante,65
43261XXX-X,*******,15
24491167-P,Juliana Vallés Rodrigo,64
64595392-F,Oriana Gilabert Coca,50
66237515-E,Eladio Castro Morante,32
54784370-A,Carina de Sanz,73
29385814-W,Brígida Cintia Melero Roda,80
15733431-M,Blas Beltrán,76
13789360-D,Juan Carlos Palmer Lago,54
97176422-L,Jesusa Angélica Almazán Alonso,80
32871709-V,Emperatriz Valeria Alvarez Girona,18
71653216-M,Aurelia Salas Galvez,26
64966696-E,Benigna Arcos Aragonés,80
98573911-M,Ángel de Uría,33
15794633-G,Zacarías Méndez Flor,22
46309824-Z,Griselda Chaves Herranz,79
13910183-J,Amelia Ayuso-Conesa,74
71198202-T,Ramiro Vendrell-Cáceres,36
41634725-X,Inocencio Garcés-Peral,26
79155015-D,Encarna Riba Jover,73
42384021-N,Evaristo Trillo Beltran,71
28831289-F,Ester Sanmiguel-Falcón,25
85361434-Q,Pascuala Anaya Carpio,27
25603872-L,Toni Salvador Carbajo,37
79923388-K,Bernarda Amores Aller,59
15820012-Z,Cruz Arrieta-Marqués,29
74781250-Q,Dulce Cortés Corbacho,78
31570197-Y,Fortunato Puente Valcárcel,23
